chr7:55249071	0.010
chr7:55242464	0.015
chr7:55259515	0.025
chr12:25398284	0.055
chr7:116339848	0.060
chr17:29552144	0.075
chr1:179077445	0.080
chr22:41522009	0.080
chr22:30060991	0.080
chr8:38285611	0.085
chr3:37061883	0.085
chr1:156785545	0.085
chr4:55599321	0.090
chr7:140453136	0.095
chr3:178936091	0.100
chr2:209106786	0.100
chr13:28578215	0.105
chr13:28626706	0.115
chr1:115256530	0.120
chr3:178952085	0.155
chr12:25398281	0.165
chr7:55241707	0.260
chr9:139409754	0.315
chr2:29416326	0.330
chr5:112179431	0.330
chr13:32913559	0.330
chr1:27101402	0.335
chr4:153244156	0.335
chr4:55138600	0.335
chr13:28537278	0.415
